WT residue type,chain ID,Residue #,G,A,V,L,I,M,F,W,P,S,T,C,Y,N,Q,D,E,K,R,H
A,A,50,2.12461,-0.0,1.56762,1.98101,2.94654,3.81634,17.83898,18.92309,4.2347,1.4569,0.9781,0.93716,20.64675,1.81001,6.40832,3.93421,6.87175,8.21532,8.02943,18.49302
P,A,91,3.05361,2.32793,2.29238,1.75504,1.87157,1.61316,1.68444,1.89646,0.00017,2.61643,2.41794,2.4078,1.95878,2.58244,2.12985,2.27095,2.03992,2.00687,2.18874,2.5499
A,A,169,0.19696,-0.0,-0.54313,-1.26911,-0.71036,-0.81286,-0.82612,-0.44789,0.93777,0.05868,-0.20028,0.19963,-0.77163,-0.15209,-0.44398,0.30267,-0.5403,-1.05324,-0.84232,-0.00603
R,A,219,0.70954,0.90803,0.86447,0.56139,0.56839,0.05943,0.45285,0.66023,2.46676,0.62176,0.17442,0.76069,-0.23233,0.40859,0.37055,0.31216,0.58561,0.24057,-0.04357,0.84873
P,A,222,3.22098,2.39887,2.82925,1.68754,2.50987,1.29606,1.7,2.19721,-0.00305,2.96525,3.75804,2.71536,2.27887,2.14352,2.75449,2.97471,2.19361,2.8754,2.9282,3.2632
S,A,245,0.50435,-1.06446,0.33019,-0.89976,1.14707,-1.55264,8.10549,6.89774,-1.46778,0.00175,-0.84296,-0.3476,9.38451,0.78926,-0.13607,1.95923,0.21152,1.01908,2.60352,5.53356
