WT residue type,chain ID,Residue #,G,A,V,L,I,M,F,W,P,S,T,C,Y,N,Q,D,E,K,R,H
A,A,50,2.01207,-0.0,2.94945,4.8102,4.67546,5.57156,20.15082,26.81285,4.82082,1.30618,3.20789,1.71412,25.38373,3.70225,7.83534,5.64937,8.83653,9.30682,13.67297,20.11508
P,A,91,2.03216,1.47159,1.77239,1.66632,1.54816,0.92015,2.47198,2.62537,-0.001,2.20696,2.43054,1.64259,3.3219,1.78303,1.1575,1.59187,0.93573,1.00542,1.76613,2.84787
A,A,169,0.17342,-0.0,-0.29216,-0.82294,-0.37367,-0.45463,-0.72863,-0.43389,1.47886,0.02229,-0.08477,0.15929,-0.58953,-0.14456,-0.69712,0.01444,-0.64144,-0.86173,-0.59605,-0.03491
R,A,219,1.39767,1.47625,1.56081,1.37511,1.42561,0.78495,0.7824,0.71765,3.02135,0.84362,0.97908,1.2383,0.11726,1.36263,1.01699,1.13385,0.99427,0.89051,0.00671,1.61983
P,A,222,3.34975,2.39445,2.33629,1.68526,2.65232,1.33827,1.64686,3.27825,-0.01231,3.07173,3.45506,2.70704,2.36311,3.05578,3.00303,3.3522,2.59562,3.01126,3.23652,3.19241
S,A,245,0.30403,-1.24496,-0.24157,1.73386,-0.03681,-0.23175,18.5787,21.44913,0.55343,-0.00997,-0.14628,-0.38549,22.41039,2.44613,0.94415,1.97665,0.63347,1.98282,3.57346,13.74838
