WT residue type,chain ID,Residue #,G,A,V,L,I,M,F,W,P,S,T,C,Y,N,Q,D,E,K,R,H
A,A,50,1.97605,0.0,2.15724,1.16253,3.06401,1.15548,16.1585,19.24919,5.11462,1.38651,2.21354,0.50295,22.33361,2.53967,4.10849,4.01035,5.16632,5.63757,7.85646,14.22311
P,A,91,1.91355,1.44287,1.26715,0.66087,0.93666,0.64534,1.1646,1.08237,0.0019,1.75922,1.44972,1.27526,1.09047,1.58462,1.15457,1.27455,0.74186,1.12435,1.43644,1.73558
A,A,169,0.09105,0.0,-0.12283,-0.6841,-0.49009,-0.33898,-0.57077,-0.08626,0.05767,-0.06473,0.16164,0.05955,-0.428,-0.26082,-0.54286,-0.35098,-0.60285,-0.76978,-0.6299,0.16763
R,A,219,1.44618,0.9184,0.94437,0.44253,0.59727,0.23354,0.39205,-0.23862,1.86675,0.58909,0.72106,0.67865,0.36437,0.66126,0.25307,0.82652,0.71229,0.02343,-0.03981,0.69756
P,A,222,2.66852,1.71025,2.22536,0.57867,1.44218,0.35374,0.38055,1.89995,0.00657,2.49802,2.99536,1.57507,1.36849,2.46793,1.77924,2.33493,2.17689,1.66483,1.81875,2.16751
S,A,245,0.60376,-0.89938,-0.0178,-1.33751,-0.29186,-2.27998,4.08603,3.82253,-3.11338,0.0012,-0.67407,-0.55709,8.39944,-0.06962,-0.41128,0.37359,-0.1933,-0.56399,0.44396,2.52696
