WT residue type,chain ID,Residue #,G,A,V,L,I,M,F,W,P,S,T,C,Y,N,Q,D,E,K,R,H
A,A,709,1.97023,0.0,4.03899,3.1615,5.51356,4.71211,16.71648,15.01068,5.06034,2.76875,3.64462,3.08645,22.17508,5.82834,10.10396,6.67974,10.75779,7.48004,6.74176,23.16266
L,A,713,5.40294,3.52015,1.41422,-0.03219,1.83321,-0.39532,10.29953,13.79,8.87016,4.36405,3.69155,3.49315,19.32236,4.13895,2.6094,5.3176,4.76095,4.70817,6.46302,7.37904
P,A,750,2.45134,2.02164,2.15159,1.82506,1.87779,1.60029,1.89342,1.85235,-0.00109,2.24825,2.24536,2.17087,1.95528,2.47424,1.86766,2.28556,1.98368,2.08165,2.22714,2.34324
A,A,828,0.52872,0.0,0.47091,-0.45576,-0.21623,-0.64205,0.32875,0.35849,0.63798,0.37659,0.50529,0.55188,0.3582,0.51599,0.05827,0.4201,-0.14661,-0.44592,-0.27053,0.56892
T,A,867,0.79482,-0.5136,-1.44931,-0.80735,-2.36778,-1.5409,3.08936,10.13488,-1.62131,0.66163,-0.04623,-0.21778,5.42364,-0.2251,0.57091,1.6176,0.16009,2.37751,2.35526,1.1064
R,A,878,1.55031,1.5902,1.46819,0.59974,1.12861,0.64921,0.46616,-0.3617,1.66535,0.91458,0.99751,1.07616,-0.12513,1.09247,0.76726,1.14939,1.27508,0.80086,-0.00577,0.81209
I,A,879,1.79719,1.29979,0.89909,-0.19243,-0.00075,-0.02453,0.75226,1.02855,0.686,1.68743,1.22092,1.10016,0.75737,1.44148,1.09582,1.91977,1.34456,0.63294,0.46063,1.11244
P,A,881,3.30499,2.74234,2.19774,1.82038,1.6566,1.14973,2.12798,2.77294,3e-05,2.89839,4.33083,2.69681,2.35091,2.81744,2.54875,3.41741,3.16798,2.52401,2.41808,3.10499
S,A,904,0.35623,-1.23394,3.1005,4.49163,5.1328,1.25766,29.3038,30.0897,3.08038,-0.00011,0.97423,1.97746,39.9613,5.25049,3.25111,6.25216,2.43801,5.03961,4.53698,22.35178
