WT residue type,chain ID,Residue #,G,A,V,L,I,M,F,W,P,S,T,C,Y,N,Q,D,E,K,R,H
A,B,828,0.2751,0.0,-0.47302,-0.9522,-0.80562,-0.38652,-1.6364,-0.68272,-0.22736,0.20222,0.0954,0.30738,-1.10662,-0.5011,0.08506,0.4084,-0.12942,0.28686,-0.19454,-1.02682
R,B,878,0.0,0.0,0.0,0.0,0.0,0.0,0.0,0.0,0.0,0.0,0.0,0.0,0.0,0.0,0.0,0.0,0.0,0.0,0.0,0.0
S,B,904,0.0224,-0.0026,0.007,0.01526,-0.00774,-0.06232,-0.02822,-0.08954,-0.00386,0.0,0.01796,0.00622,-0.02644,-0.00402,-0.06254,0.17848,0.1895,-0.32586,-0.93378,-0.02518
